{"name": "University of North Carolina at Chapel Hill", "osm_rel": 2882828, "rings": [[[35.906368, -79.04192], [35.906182, -79.041465], [35.906105, -79.041364], [35.90569, -79.041354], [35.905467, -79.041083], [35.905437, -79.040804], [35.90527, -79.040971], [35.904854, -79.040288], [35.904812, -79.040197], [35.904468, -79.040171], [35.903781, -79.040056], [35.903673, -79.0405], [35.903472, -79.040569], [35.903065, -79.040482], [35.902909, -79.040466], [35.902398, -79.04027], [35.902321, -79.040204], [35.902201, -79.040111], [35.901976, -79.039898], [35.901822, -79.039664], [35.901629, -79.039389], [35.901147, -79.038976], [35.900863, -79.037816], [35.900986, -79.037667], [35.900207, -79.036952], [35.900141, -79.036904], [35.900091, -79.036859], [35.900039, -79.036806], [35.899979, -79.036736], [35.89993, -79.03667], [35.899883, -79.036595], [35.899851, -79.03654], [35.899815, -79.036464], [35.899786, -79.036392], [35.899756, -79.036305], [35.899737, -79.036234], [35.899719, -79.036149], [35.899709, -79.036083], [35.899691, -79.03578], [35.899693, -79.035698], [35.8997, -79.035602], [35.899713, -79.03551], [35.899729, -79.035422], [35.899756, -79.035331], [35.899788, -79.035244], [35.89982, -79.035171], [35.899851, -79.035091], [35.899888, -79.035008], [35.899922, -79.034939], [35.899956, -79.034877], [35.90008, -79.034673], [35.90082, -79.033658], [35.901275, -79.032677], [35.900512, -79.029446], [35.900431, -79.02919], [35.900329, -79.028925], [35.900212, -79.028691], [35.899535, -79.027637], [35.899465, -79.027483], [35.899404, -79.027289], [35.899363, -79.027104], [35.899339, -79.026922], [35.898209, -79.026981], [35.897378, -79.027166], [35.896506, -79.027437], [35.896213, -79.027589], [35.895686, -79.027451], [35.895182, -79.027531], [35.895083, -79.027347], [35.894651, -79.027448], [35.894244, -79.027473], [35.893877, -79.027538], [35.893665, -79.027602], [35.893538, -79.027735], [35.89342, -79.027924], [35.89335, -79.028417], [35.893372, -79.028568], [35.893413, -79.02874], [35.893511, -79.02886], [35.893858, -79.028911], [35.894018, -79.029031], [35.894137, -79.029306], [35.894164, -79.029555], [35.894116, -79.029898], [35.894018, -79.03031], [35.893789, -79.0308], [35.893719, -79.031126], [35.893872, -79.031814], [35.894647, -79.032066], [35.895126, -79.032024], [35.895255, -79.032376], [35.895273, -79.032812], [35.895408, -79.032801], [35.895425, -79.033145], [35.897126, -79.033126], [35.897177, -79.034033], [35.89718, -79.034205], [35.89729, -79.034994], [35.897849, -79.035475], [35.898308, -79.035873], [35.8986, -79.035404], [35.898655, -79.035469], [35.898745, -79.036001], [35.89839, -79.036686], [35.898055, -79.037435], [35.897686, -79.038454], [35.897272, -79.040334], [35.897561, -79.040627], [35.897677, -79.041277], [35.897789, -79.042292], [35.897804, -79.042679], [35.897677, -79.043522], [35.897724, -79.044246], [35.897741, -79.044443], [35.897771, -79.044796], [35.897774, -79.044826], [35.897812, -79.045275], [35.897863, -79.045871], [35.898038, -79.047008], [35.898047, -79.047061], [35.898086, -79.047194], [35.898746, -79.049418], [35.898607, -79.049518], [35.897883, -79.049643], [35.898332, -79.050826], [35.898756, -79.050898], [35.89936, -79.051314], [35.899481, -79.051828], [35.89959, -79.052673], [35.899588, -79.05333], [35.899467, -79.054043], [35.899443, -79.054972], [35.899565, -79.055641], [35.899692, -79.056248], [35.899467, -79.056666], [35.899349, -79.057374], [35.899816, -79.057422], [35.900465, -79.05766], [35.901018, -79.057685], [35.901198, -79.057589], [35.901749, -79.057121], [35.902038, -79.0568], [35.902193, -79.056686], [35.902314, -79.056618], [35.903237, -79.055802], [35.903786, -79.055207], [35.904207, -79.054806], [35.904548, -79.05434], [35.904753, -79.054724], [35.904898, -79.054868], [35.905173, -79.054974], [35.906509, -79.054801], [35.907717, -79.054574], [35.908466, -79.054549], [35.908515, -79.054744], [35.908207, -79.055648], [35.908421, -79.055785], [35.908262, -79.056203], [35.908893, -79.056559], [35.909132, -79.05588], [35.908524, -79.055551], [35.908644, -79.055218], [35.90871, -79.055115], [35.908827, -79.054779], [35.90887, -79.054655], [35.90946, -79.054983], [35.910185, -79.055387], [35.910646, -79.054098], [35.91191, -79.054874], [35.912659, -79.05531], [35.912873, -79.054697], [35.912957, -79.054746], [35.913051, -79.054492], [35.913264, -79.053925], [35.912877, -79.053712], [35.91317, -79.052955], [35.913935, -79.053394], [35.914625, -79.051623], [35.914696, -79.051448], [35.914994, -79.050669], [35.914231, -79.050232], [35.914522, -79.049448], [35.915303, -79.049869], [35.915597, -79.049129], [35.914832, -79.048685], [35.915587, -79.046662], [35.915654, -79.046483], [35.916094, -79.045281], [35.916102, -79.043774], [35.915802, -79.043759], [35.915782, -79.043688], [35.915776, -79.043656], [35.915741, -79.043517], [35.915741, -79.043323], [35.915902, -79.043318], [35.915806, -79.042543], [35.915905, -79.042546], [35.916308, -79.041652], [35.916464, -79.041307], [35.916079, -79.041298], [35.915998, -79.038993], [35.915987, -79.038041], [35.915982, -79.037613], [35.915979, -79.037348], [35.915976, -79.037083], [35.915941, -79.033996], [35.915948, -79.033693], [35.91547, -79.033675], [35.915157, -79.033659], [35.914631, -79.033656], [35.914572, -79.035401], [35.91342, -79.035116], [35.913393, -79.033665], [35.912694, -79.033691], [35.912574, -79.033696], [35.912213, -79.033709], [35.912188, -79.03426], [35.910246, -79.034151], [35.910401, -79.035264], [35.910506, -79.035753], [35.910627, -79.03614], [35.910897, -79.036837], [35.910993, -79.037138], [35.912492, -79.037236], [35.912636, -79.037235], [35.912635, -79.037307], [35.912839, -79.0372], [35.913014, -79.03705], [35.913087, -79.03693], [35.913172, -79.03673], [35.91326, -79.036638], [35.913328, -79.036605], [35.913386, -79.036596], [35.913451, -79.036608], [35.913512, -79.036638], [35.9136, -79.036729], [35.913663, -79.036854], [35.913874, -79.037414], [35.913903, -79.037543], [35.913899, -79.037665], [35.913867, -79.03778], [35.913612, -79.038237], [35.913591, -79.038341], [35.913601, -79.038414], [35.913632, -79.03847], [35.913678, -79.038507], [35.914016, -79.038663], [35.914184, -79.038798], [35.914304, -79.03894], [35.914385, -79.039063], [35.914432, -79.03917], [35.914471, -79.039315], [35.914489, -79.039505], [35.914479, -79.039612], [35.914446, -79.039714], [35.914377, -79.039818], [35.914315, -79.039866], [35.914243, -79.039897], [35.914146, -79.039915], [35.914013, -79.039915], [35.913906, -79.039945], [35.913836, -79.039997], [35.913802, -79.040054], [35.913779, -79.040133], [35.913777, -79.040194], [35.913795, -79.040272], [35.913845, -79.040396], [35.913882, -79.040556], [35.913908, -79.040862], [35.913897, -79.040983], [35.913867, -79.041099], [35.913819, -79.041205], [35.913749, -79.041315], [35.913688, -79.041383], [35.913611, -79.041443], [35.913389, -79.041548], [35.913165, -79.04162], [35.912939, -79.041668], [35.912482, -79.041803], [35.912431, -79.04187], [35.912404, -79.042004], [35.912358, -79.042064], [35.912198, -79.042231], [35.912065, -79.042337], [35.911982, -79.042432], [35.911885, -79.042592], [35.911718, -79.042813], [35.910985, -79.042025], [35.910714, -79.041686], [35.910401, -79.041304], [35.910362, -79.041299], [35.909962, -79.041437], [35.909199, -79.041511], [35.908906, -79.041586], [35.907491, -79.041659], [35.907343, -79.041702], [35.90716, -79.041809], [35.907044, -79.041923], [35.906868, -79.042167], [35.906757, -79.042141], [35.906368, -79.04192]], [[35.90996, -79.0344], [35.908489, -79.035518], [35.908795, -79.036044], [35.908122, -79.036474], [35.908431, -79.036662], [35.908103, -79.038567], [35.90924, -79.038719], [35.909415, -79.038735], [35.909418, -79.038759], [35.909485, -79.03915], [35.909491, -79.039186], [35.909585, -79.039319], [35.909556, -79.039383], [35.90955, -79.039406], [35.909545, -79.039422], [35.909539, -79.039435], [35.909274, -79.039396], [35.90922, -79.03939], 